{"cameraMode":{"drawMode":0,"name":"Shaded","section":"Shading Mode"},"sceneLighting":false,"audioPlay":false,"sceneViewState":{"m_AlwaysRefresh":false,"showFog":true,"showSkybox":false,"showFlares":true,"showImageEffects":true,"showParticleSystems":true,"showVisualEffectGraphs":true,"m_FxEnabled":true},"in2DMode":false,"pivot":{"x":-8.492032051086426,"y":131.34011840820313,"z":76.18218231201172},"rotation":{"x":-0.027900587767362596,"y":-0.9716106057167053,"z":0.14983110129833222,"w":-0.18103058636188508},"size":1.5479850769042969,"orthographic":false}