{"cameraMode":{"drawMode":0,"name":"Shaded","section":"Shading Mode"},"sceneLighting":false,"audioPlay":false,"sceneViewState":{"m_AlwaysRefresh":false,"showFog":true,"showSkybox":false,"showFlares":true,"showImageEffects":true,"showParticleSystems":true,"showVisualEffectGraphs":true,"m_FxEnabled":true},"in2DMode":false,"pivot":{"x":0.12380659580230713,"y":2.3355906009674074,"z":-0.27563905715942385},"rotation":{"x":0.3816754221916199,"y":0.1334766298532486,"z":-0.055808279663324359,"w":0.9129133820533752},"size":3.486729621887207,"orthographic":false}