{"cameraMode":{"drawMode":0,"name":"Shaded","section":"Shading Mode"},"sceneLighting":true,"audioPlay":false,"sceneViewState":{"m_AlwaysRefresh":false,"showFog":true,"showSkybox":true,"showFlares":true,"showImageEffects":true,"showParticleSystems":true,"showVisualEffectGraphs":true,"m_FxEnabled":true},"in2DMode":false,"pivot":{"x":24.607309341430665,"y":2.000272274017334,"z":9.371761322021485},"rotation":{"x":2.0106836018385366e-7,"y":-0.1155596598982811,"z":-0.000003653433168437914,"w":0.9933061003684998},"size":11.587061882019043,"orthographic":false}