{"cameraMode":{"drawMode":0,"name":"Shaded","section":"Shading Mode"},"sceneLighting":true,"audioPlay":false,"sceneViewState":{"m_AlwaysRefresh":false,"showFog":true,"showSkybox":true,"showFlares":true,"showImageEffects":true,"showParticleSystems":true,"showVisualEffectGraphs":true,"m_FxEnabled":true},"in2DMode":false,"pivot":{"x":226.76300048828126,"y":148.265380859375,"z":-20.041213989257814},"rotation":{"x":-0.04945406690239906,"y":0.03236351162195206,"z":-0.0016110844444483519,"w":-0.9982576370239258},"size":72.32572937011719,"orthographic":false}