{"cameraMode":{"drawMode":0,"name":"Shaded","section":"Shading Mode"},"sceneLighting":true,"audioPlay":false,"sceneViewState":{"m_AlwaysRefresh":false,"showFog":true,"showSkybox":true,"showFlares":true,"showImageEffects":true,"showParticleSystems":true,"showVisualEffectGraphs":true,"m_FxEnabled":true},"in2DMode":false,"pivot":{"x":106.60968017578125,"y":-2.5065479278564455,"z":31.5844783782959},"rotation":{"x":-0.4369712173938751,"y":0.050927385687828067,"z":-0.02490755170583725,"w":-0.8977318406105042},"size":16.022489547729493,"orthographic":false}