{"cameraMode":{"drawMode":0,"name":"Shaded","section":"Shading Mode"},"sceneLighting":true,"audioPlay":false,"sceneViewState":{"m_AlwaysRefresh":false,"showFog":true,"showSkybox":true,"showFlares":true,"showImageEffects":true,"showParticleSystems":true,"showVisualEffectGraphs":true,"m_FxEnabled":true},"in2DMode":false,"pivot":{"x":16.098478317260743,"y":6.024445056915283,"z":25.568992614746095},"rotation":{"x":0.45452752709388735,"y":0.06935150921344757,"z":-0.035525187849998477,"w":0.8873183727264404},"size":7.033212661743164,"orthographic":false}